Sample,S1,S2,S3,S4,S5,S6,S7,S8,S9,S10,z-score,p-val,Gene-Gness
G1,5.99342831,4.7234714,6.29537708,8.04605971,4.53169325,4.53172609,8.15842563,6.53486946,4.06105123,6.08512009,1.2911599722163531,0.09853,0
G2,3.456560798,2.725605233,3.338530385,3.491016428,2.025135173,5.796021613,4.440392342,5.621812521,3.638393266,5.350184531,-1.6174657395962633,0.94738,1
G3,2.215607103,3.550987074,2.922748378,3.45003419,2.604943915,2.43711697,3.518269054,2.529751657,5.255892334,4.362922878,-2.9680568104188336,0.99851,1
G4,5.564134549,5.652057928,4.954057564,4.502248279,4.712804662,4.780296574,4.575680795,3.301847137,5.20017023,5.197178333,0.09869141540244591,0.0,0
G5,5.796617736,5.754756278,5.596258703,4.081896517,4.877782151,5.481439115,5.981107739,5.434420673,3.531844165,5.267988921,0.6661018487891377,0.25143000000000004,0
